{
    "eb1_india": {
        "rmse": 14.076807022094727,
        "mae": 11.38572883605957,
        "within_5_days": 27.27272727272727,
        "within_10_days": 31.818181818181817
    },
    "eb2_india": {
        "rmse": NaN,
        "mae": NaN,
        "within_5_days": 0.0,
        "within_10_days": 0.0
    },
    "eb3_india": {
        "rmse": 17.16529655456543,
        "mae": 14.905084609985352,
        "within_5_days": 9.090909090909092,
        "within_10_days": 19.696969696969695
    }
}