{
    "rmse": 14.076807022094727,
    "mae": 11.38572883605957,
    "within_5_days": 27.27272727272727,
    "within_10_days": 31.818181818181817
}