{
    "rmse": 17.16529655456543,
    "mae": 14.905084609985352,
    "within_5_days": 9.090909090909092,
    "within_10_days": 19.696969696969695
}